DFS,,,,,,,,,,,,,,,,,,,,,,,,,,,,,
0.001472333,0.002142125,0.001893958,0.00142225,0.002515875,0.002344791,0.002915791,0.001270542,0.000592041,0.003839167,0.003224166,0.001584833,0.001356875,0.003151708,0.003582875,0.001398459,0.003543834,0.002052875,0.003713584,0.000714209,0.001615042,0.00402575,0.004023833,0.003177125,0.000491291,0.0036395,0.003679333,0.00435,0.000580458,0.001967
6,30,26,18,33,29,41,17,7,45,45,22,18,31,46,19,40,30,47,9,22,56,55,44,6,37,53,51,8,28
7,32,29,19,36,34,43,18,8,57,48,23,19,47,54,20,53,31,50,10,23,59,60,46,7,57,56,63,9,29
ASTAR,,,,,,,,,,,,,,,,,,,,,,,,,,,,,
0.000936,0.000254792,0.000408875,0.000403042,0.000272125,0.000337958,0.000462625,0.000409167,0.000245083,0.00027575,0.000447375,0.00038825,0.000431541,0.00061125,0.000231208,0.000761292,0.000327166,0.0008085,0.000784958,0.000208791,0.000288584,0.000721708,0.000617416,0.000460375,0.000541084,0.000612459,0.000456167,0.000367375,0.000292667,0.000282125
5,2,4,4,2,3,5,4,2,3,4,4,4,7,2,9,3,7,8,2,3,9,7,5,6,6,5,4,3,3
11,3,5,5,3,4,6,5,3,4,5,5,6,9,3,10,4,11,9,3,4,10,8,6,7,7,6,5,4,4
MINIMAX,,,,,,,,,,,,,,,,,,,,,,,,,,,,,
4.856900333004887,0.6489800830022432,4.466889792,3.4977514579950366,2.775788958009798,13.368558749993099,3.523026208000374,1.2230533749971073,17.418341833006707,0.15213841600052547,2.8479565419984283,0.9376808329980122,0.16685808400507085,164.94730166699446,5.704919625000912,1.6930506670032628,15.099630874989089,534.9367807080125,211.71309283399023,0.3915740829979768,1.6425081670022337,81.54168866699911,0.5366757080046227,1.1744328329950804,28.77202612500696,1.288569666998228,0.071669541,4.017272083001444,3.411669624998467,1.112904541005264
7,4,2,3,2,2,4,2,3,8,7,2,3,2,4,2,3,2,3,3,2,2,5,3,2,2,2,2,2,2
6,3,2,3,1,2,3,2,2,8,6,2,2,2,3,1,2,2,2,2,1,1,4,2,2,1,2,2,2,1
75243,9244,67766,43733,46931,274274,62592,12616,204568,1608,46277,18142,2807,2986502,56874,28767,192015,10636365,2897051,5148,14013,1531726,9696,17211,45488,28645,914,31585,67032,20141
31430,3827,30400,34773,12310,9440,17818,12591,179984,1607,14173,2972,750,370530,55505,8491,148045,28448,1743037,3495,23638,206880,2826,10137,537758,361,773,53479,9241,2793